rrrrrrrrrrrrrrrrrrrrrrrrrrrrrrrrrrrrrrrrrrrrr,3,3,1664152616.2916508
e,4,4,1664153297.3310068
gggggg,4,4,1664153373.7955983
